group,scene,condition,method,seed,configured_budget_s,actual_duration_s,duration_status,reconstruction_frames,decision_captures,path_length_m,planning_wall_time_s,eval_views,n_severe,n_clean,psnr_shared,psnr_severe,psnr_clean,psnr_cube_provisional,recorded_psnr_shared,delta_from_recorded_db,scoring,historical_completeness_5cm,historical_ssim,historical_lpips
mesh,apartment_1,d0,r3con-pano,0,300,300.0,complete,301,58,143.51033825435684,13.356049276015256,40,20,20,37.29044803436401,38.103335839370914,36.47756022935714,,37.290447992754586,4.160942523867561e-08,export_reload_legacy_dc,0.9704594916032117,0.9689064711332321,0.0670617001131177
mesh,apartment_1,d0,magician,0,300,300.0,complete,301,138,114.19999999999993,392.4593003637856,40,20,20,21.307243467294846,19.876618286344403,22.737868648245303,,21.307243490293715,-2.2998868587364996e-08,export_reload_legacy_dc,0.5171612291930892,0.5086377066239948,0.3618787056999281
mesh,apartment_1,d0,fisherrf,0,300,300.0,complete,301,98,138.36947760995406,1032.490160254063,40,20,20,32.746609145667875,33.52526338301904,31.967954908316738,,32.746609053625235,9.204264017625974e-08,export_reload_legacy_dc,0.9532612504133007,0.9537718743085861,0.10486627605278045
mesh,apartment_1,d0,gavis,0,300,300.0,complete,301,93,142.94258594420194,1634.431437055231,40,20,20,34.30397087445877,34.66076887791328,33.94717287100426,,34.30397088960195,-1.5143179155074904e-08,export_reload_legacy_dc,0.9599431495728815,0.9626795083284378,0.09979599812068045
mesh,apartment_1,d0,random,0,300,300.0,complete,301,444,73.32520255480195,0.032630579196847975,40,20,20,31.63649889177187,31.894185319496465,31.378812464047268,,31.636498804368777,8.740309098698162e-08,export_reload_legacy_dc,0.8633665125322622,0.9425325259566307,0.1361789580900222
mesh,apartment_1,dyn,r3con-pano,0,300,300.0,complete,301,74,140.41801614041273,15.509891371766571,40,20,20,27.769243750116306,20.178188541527717,35.36029895870491,,27.76924372543193,2.468437543257096e-08,export_reload_legacy_dc,0.9800036518503531,0.9020888909697533,0.18991122797597199
mesh,apartment_1,dyn,magician,0,300,300.0,complete,301,171,107.79999999999997,579.2999649760895,40,20,20,23.88774514194795,21.586404113985076,26.189086169910826,,23.887745202425055,-6.047710598977574e-08,export_reload_legacy_dc,0.7248084012297853,0.7911146760103293,0.29883060562424363
mesh,apartment_1,dyn,fisherrf,0,300,300.0,complete,301,90,143.0263649473158,992.8090951150516,40,20,20,25.596471642372546,19.144236871211824,32.04870641353328,,25.596471578710123,6.366242288891044e-08,export_reload_legacy_dc,0.928552041334998,0.8854333192110062,0.23512459811754524
mesh,apartment_1,dyn,gavis,0,300,300.0,complete,301,90,144.81162691991324,1616.3935066002305,40,20,20,26.230079430627903,19.193243120441213,33.26691574081458,,26.230079414711145,1.591675768963796e-08,export_reload_legacy_dc,0.9586798067480272,0.8767961293458939,0.2386869774432853
mesh,apartment_1,dyn,random,0,300,300.0,complete,301,457,76.31164402259587,0.025386078807059675,40,20,20,23.96632051407125,19.016867640185957,28.915773387956552,,23.966320540793152,-2.672190291264087e-08,export_reload_legacy_dc,0.8623844608832543,0.8588934749364853,0.2666089054197073
mesh,van_gogh_room,d0,r3con-pano,0,300,300.0,complete,301,66,131.6616457139611,12.262990221264772,40,20,20,30.45285564961211,31.376922620503525,29.528788678720712,,30.452855414826324,2.3478578725644184e-07,export_reload_legacy_dc,0.9866183735943989,0.8777415961027145,0.11867937482893468
mesh,van_gogh_room,d0,magician,0,300,300.0,complete,301,197,118.1,702.1027027707314,40,20,20,30.03691747403328,30.839962724115953,29.233872223950584,,30.036917553102093,-7.906881194230664e-08,export_reload_legacy_dc,0.932364440942018,0.8703174278140068,0.1134315715637058
mesh,van_gogh_room,d0,fisherrf,0,300,300.0,complete,301,106,139.73979786273796,1273.1943131017615,40,20,20,30.280073851498848,30.226843593631987,30.33330410936573,,30.280074036941166,-1.8544231750183826e-07,export_reload_legacy_dc,0.9358651835237778,0.8870342746376991,0.08706307420507073
mesh,van_gogh_room,d0,gavis,0,300,300.0,complete,301,103,144.0499450792356,2055.4976848959923,40,20,20,29.730254457569878,29.994819201042674,29.465689714097095,,29.73025445511733,2.4525483866000286e-09,export_reload_legacy_dc,0.9941502743006092,0.8695835694670677,0.12106675636023283
mesh,van_gogh_room,d0,random,0,300,300.0,complete,301,443,64.46232118700449,0.02533661585766822,40,20,20,25.30776671973669,25.91781719274214,24.69771624673125,,25.307766750986094,-3.1249403065203296e-08,export_reload_legacy_dc,0.9159973327675568,0.8111421152949333,0.1998252347111702
mesh,van_gogh_room,dyn,r3con-pano,0,300,300.0,complete,301,96,114.81274860930127,17.285838087962475,40,20,20,25.173631230350313,19.79552538811476,30.551737072585855,,25.17363122892763,1.4226841926756606e-09,export_reload_legacy_dc,0.9772375958536659,0.8160616159439087,0.22446904513053595
mesh,van_gogh_room,dyn,magician,0,300,300.0,complete,301,203,112.32945966042102,717.8119844651665,40,20,20,23.204203683692818,19.615457063622056,26.79295030376357,,23.204203675649744,8.043073762564745e-09,export_reload_legacy_dc,0.926226775376595,0.7706926107406616,0.28504559192806483
mesh,van_gogh_room,dyn,gavis,0,300,300.0,complete,301,103,142.60271857784818,1900.0478354172083,40,20,20,24.662546477522618,18.2959965078485,31.029096447196736,,24.662546437340676,4.018194132981989e-08,export_reload_legacy_dc,0.989709938471797,0.7868720293045044,0.2528416967950761
mesh,mp3d_17DRP5sb8fy,d0,r3con-pano,0,300,300.0,complete,301,85,122.8565650316162,19.065562025120016,39,19,20,27.598097034950623,30.449210299151602,24.889539433959698,,27.598096984870264,5.008035941500566e-08,export_reload_legacy_dc,0.8845216341088294,0.9197659599475372,0.19536835356400564
mesh,mp3d_17DRP5sb8fy,d0,magician,0,300,300.0,complete,301,144,115.09999999999995,292.5580176616786,39,19,20,19.815997335912098,22.024126615243603,17.71827452054717,,19.815997335881324,3.077360588576994e-11,export_reload_legacy_dc,0.5703875174164248,0.7909760659027737,0.34971353029593444
mesh,mp3d_17DRP5sb8fy,d0,fisherrf,0,300,300.0,complete,301,84,140.16428324778477,1265.1918361476273,39,19,20,19.881484415230933,20.469924687436738,19.322466156635414,,19.87280526024396,0.008679154986971582,export_reload_legacy_dc,0.8390895337902229,0.8283594586910346,0.35718232698929614
mesh,mp3d_17DRP5sb8fy,d0,gavis,0,300,300.0,complete,301,35,147.37555182391606,452.50233104574727,39,19,20,24.619504787260404,28.439529784107243,20.990481040255904,,24.61950477111768,1.614272449046439e-08,export_reload_legacy_dc,0.7606204807719525,0.8454097396550844,0.26758338854863095
mesh,mp3d_17DRP5sb8fy,d0,random,0,300,300.0,complete,301,421,78.64048683369656,0.025566639320459217,39,19,20,24.850080331526286,29.805180277002442,20.142735383323945,,24.850080337594015,-6.067729430014879e-09,export_reload_legacy_dc,0.6948925449839124,0.8348169370870798,0.26082219641942245
mesh,mp3d_17DRP5sb8fy,dyn,r3con-pano,0,300,300.0,complete,301,67,128.44309027646096,15.230615517764818,39,19,20,20.79393142608722,16.83123946354875,24.558488790498764,,20.79393141178524,1.4301978268349558e-08,export_reload_legacy_dc,0.853107593403932,0.8664048130695636,0.31475037317245436
mesh,mp3d_17DRP5sb8fy,dyn,magician,0,300,300.0,complete,301,127,123.29999999999998,263.88620925694704,39,19,20,14.58154311273228,12.959748880476965,16.122247633374833,,14.581543118382768,-5.6504880774355115e-09,export_reload_legacy_dc,0.5539665415934102,0.6921202803615671,0.5056977675129206
mesh,mp3d_17DRP5sb8fy,dyn,fisherrf,0,300,300.0,complete,301,81,143.77165151918175,1007.885870029917,39,19,20,18.770478434101328,16.918231325797304,20.53011318699015,,18.77047843664383,-2.5425030969472573e-09,export_reload_legacy_dc,0.8303868254772022,0.8137999543836579,0.37037995925698525
mesh,mp3d_17DRP5sb8fy,dyn,gavis,0,300,300.0,complete,301,74,141.8558740184005,1237.8462062589242,39,19,20,19.827945137911144,17.98598805914667,21.577804362737403,,19.827945126884874,1.1026269675085132e-08,export_reload_legacy_dc,0.6579996037075362,0.8207183544500134,0.3430178875151353
mesh,mp3d_17DRP5sb8fy,dyn,random,0,300,300.0,complete,301,426,73.56248195220705,0.025472967070527375,39,19,20,18.783065050688833,18.723683411502932,18.83947760791545,,18.78306504403752,6.651312389749364e-09,export_reload_legacy_dc,0.6441765451474617,0.7861913160020964,0.36371034135421115
mesh,skokloster_castle,d0,r3con-pano,0,300,300.0,complete,301,43,144.08007958544914,23.04460159112932,40,20,20,18.997456545466868,19.450203797661874,18.54470929327186,,18.997456711139836,-1.656729686771996e-07,export_reload_legacy_dc,0.7217051054713065,0.7291907038539648,0.3659364815801382
mesh,skokloster_castle,d0,magician,0,300,300.0,complete,301,113,123.10000000000008,415.80547966167796,40,20,20,25.170805845620627,26.838589647098605,23.503022044142632,,25.170805868666825,-2.3046197838993976e-08,export_reload_legacy_dc,0.7595528307480603,0.8600106447935104,0.21355828298255802
mesh,skokloster_castle,d0,fisherrf,0,300,300.0,complete,301,115,120.59183262461256,1588.5909871867043,40,20,20,27.076848642219357,28.628260544164068,25.525436740274635,,27.07684863681635,5.403006042570269e-09,export_reload_legacy_dc,0.8136524416052746,0.8820604726672172,0.16259944355115294
mesh,skokloster_castle,d0,random,0,300,300.0,complete,301,431,88.10001719962645,0.027430396003182977,40,20,20,20.048860621921655,21.40433691511257,18.693384328730744,,20.04886061840203,3.519623703596153e-09,export_reload_legacy_dc,0.5955851778925131,0.7659930512309074,0.3401654914021492
mesh,skokloster_castle,dyn,r3con-pano,0,300,300.0,complete,301,65,141.7652068934527,31.7282252869918,40,20,20,22.043758377195736,21.35278919960219,22.734727554789274,,22.043758408538288,-3.1342551665147766e-08,export_reload_legacy_dc,0.8473719343584925,0.8036360427737236,0.2829005876556039
mesh,skokloster_castle,dyn,magician,0,300,300.0,complete,301,107,123.00000000000004,402.1385721754632,40,20,20,24.472016283712257,24.599704637509422,24.34432792991509,,24.472016436808495,-1.5309623790926707e-07,export_reload_legacy_dc,0.7465276418170935,0.8557530865073204,0.22765122912824154
mesh,skokloster_castle,dyn,fisherrf,0,300,300.0,complete,301,111,109.72045431819619,1445.9226507288986,40,20,20,24.534348391214913,24.351438918390908,24.71725786403893,,24.534348321515964,6.969894883468442e-08,export_reload_legacy_dc,0.7907028996451659,0.8563916146755218,0.21598360212519765
mesh,skokloster_castle,dyn,random,0,300,300.0,complete,301,431,87.07605959136691,0.026166793948505074,40,20,20,18.50788528626025,19.280835866279833,17.734934706240665,,18.50788523544123,5.0819021879533466e-08,export_reload_legacy_dc,0.5743436128933614,0.7428443253040313,0.38259663693606855
gs,interior_0007,d0,r3con-pano,0,300,300.0,complete,301,98,131.86186634450937,35.10036254214356,80,40,40,22.393643411703152,23.498407829875074,21.28887899353124,22.069861327140256,22.393643297629712,1.1407344047142942e-07,export_reload_legacy_dc,0.12901367657968543,0.8162570756394416,0.20642772689461708
gs,interior_0007,d0,magician,0,300,300.0,complete,301,145,102.87978604346986,377.30390394086135,80,40,40,22.013097435229152,24.694757428935837,19.33143744152247,22.834802964824043,22.013097446994916,-1.1765763474613777e-08,export_reload_legacy_dc,0.11981750382994943,0.7857603026088327,0.22372887885721865
gs,interior_0007,d0,fisherrf,0,300,300.0,complete,301,111,140.4856869067234,1247.2419135500677,80,40,40,17.71180946300758,19.32239370266919,16.101225223345967,17.63931148959239,17.711809506010972,-4.300339284668553e-08,export_reload_legacy_dc,0.11856361969276975,0.6459378560655751,0.3815981856780127
gs,interior_0007,d0,gavis,0,270,270.0,complete,271,101,132.09804342884553,996.4651045530118,80,40,40,17.62919066317134,17.51138407482403,17.746997251518653,16.582261263780023,17.629190669917506,-6.746166292259659e-09,export_reload_legacy_dc,0.1123164875539935,0.6832095004618168,0.40350975064211525
gs,interior_0007,d0,random,0,300,300.0,complete,301,450,86.93591916589318,0.02560962433926761,80,40,40,18.574835156338843,19.214286921520923,17.93538339115677,17.55253425536185,18.574835190181027,-3.384218416613294e-08,export_reload_legacy_dc,0.10464656907691063,0.6992647553910502,0.3567685290356167
gs,interior_0007,d0,gleam,0,300,300.0,complete,301,47,90.58197848345382,11.201690228983352,80,40,40,18.993463557905542,18.694388753156616,19.292538362654486,17.847194683967945,19.022975027185215,-0.029511469279672298,export_reload_legacy_dc,0.10480974577969428,0.7120219082571566,0.36754529271274805
gs,interior_0007,dyn,r3con-pano,0,300,300.0,complete,301,99,122.05817404684335,39.3517884031171,80,40,40,20.571509536645596,20.361591490615886,20.781427582675295,19.20081337641194,20.571509558593373,-2.1947776929209795e-08,export_reload_legacy_dc,0.14376930822075232,0.7795220496598632,0.2573438207269646
gs,interior_0007,dyn,magician,0,300,300.0,complete,301,129,109.89978736901988,305.4794523458404,80,40,40,20.29150824404324,21.31675777430421,19.266258713782257,20.773789047085817,20.291508288191864,-4.4148624311901585e-08,export_reload_legacy_dc,0.12448910151390355,0.7533203610684722,0.26144044640241193
gs,interior_0007,dyn,fisherrf,0,300,300.0,complete,301,106,143.81007257591338,1197.3991800330405,80,40,40,18.88043874597958,19.630904687714757,18.129972804244396,18.759848088787916,18.880438726653438,1.9326140687780935e-08,export_reload_legacy_dc,0.13274935976659596,0.7017103299149312,0.31726662918226795
gs,interior_0007,dyn,gavis,0,270,270.0,complete,271,92,130.20362510971148,889.2348193629987,80,40,40,19.25506639314056,18.859026324877107,19.65110646140401,18.404627527848454,19.255066394452605,-1.3120455832904554e-09,export_reload_legacy_dc,0.11798493539593048,0.7228617267450318,0.36358532345620914
gs,interior_0007,dyn,random,0,300,300.0,complete,301,434,102.32900905620681,0.026275180774973705,80,40,40,17.094612012345955,16.885111417156484,17.304112607535437,15.627387341217473,17.09461199745772,1.488823642148418e-08,export_reload_legacy_dc,0.09523037360512547,0.6493611433077604,0.44422415173612534
gs,interior_0007,dyn,gleam,0,300,244.77400344454568,shortened,245,40,58.26082371678445,8.892577717975655,80,40,40,18.445333496018495,18.86988198028309,18.0207850117539,19.56358993411018,18.468389276575,-0.023055780556504146,export_reload_legacy_dc,0.0931154154135323,0.6695222045178525,0.3468925296270754
gs,interior_0044,d0,r3con-pano,0,300,300.0,complete,301,89,139.01210466673876,39.59421227697749,80,40,40,24.126587104294117,23.00412813909624,25.249046069492003,23.860081815013885,24.12658704723069,5.7063427760795093e-08,export_reload_legacy_dc,0.30217401782433523,0.8384711116552352,0.22683490896597505
gs,interior_0044,d0,magician,0,300,300.0,complete,301,116,115.0,411.951740898774,80,40,40,23.198834466407853,23.240660866505074,23.157008066310645,23.686213269846867,23.19883445704146,9.366392106358035e-09,export_reload_legacy_dc,0.2905599634076401,0.8200175323989243,0.2623730580322444
gs,interior_0044,d0,fisherrf,0,300,300.0,complete,301,101,146.0670263604953,1206.0681754200195,80,40,40,22.49253737843585,22.912557308724537,22.072517448147156,22.61394948924362,22.49253735182455,2.6611299830392454e-08,export_reload_legacy_dc,0.28878654528275266,0.8008108004927635,0.2754071163013577
gs,interior_0044,d0,gavis,0,270,270.0,complete,271,102,129.18862058698198,1056.466602378001,80,40,40,20.86651416687365,21.88863863106614,19.844389702681156,20.10298633767015,20.86651424268565,-7.581200023309975e-08,export_reload_legacy_dc,0.20161976611877647,0.7584489610046148,0.35632875552400944
gs,interior_0044,d0,random,0,300,300.0,complete,301,505,54.03692156841037,0.02745660993969068,80,40,40,14.949501640005149,15.717537941740904,14.18146533826939,15.671383368375444,14.949501711988791,-7.198364215810216e-08,export_reload_legacy_dc,0.10761553122439418,0.5314768689175253,0.6403290711343288
gs,interior_0044,d0,gleam,0,300,300.0,complete,301,45,81.82002139753092,11.470688032990438,80,40,40,20.86767604141668,20.670703168745725,21.064648914087623,20.963451847250347,20.85551773174126,0.012158309675420753,export_reload_legacy_dc,0.22055443903845925,0.7602111183106899,0.3293699902482331
gs,interior_0044,dyn,r3con-pano,0,300,300.0,complete,301,90,137.7485617029007,40.11198648498976,80,40,40,23.00112415196829,20.923059922398604,25.079188381537975,23.70318995013954,23.00112414844251,3.5257805564015143e-09,export_reload_legacy_dc,0.30727396090245285,0.8227892987430095,0.25346896732226015
gs,interior_0044,dyn,magician,0,300,300.0,complete,301,116,115.30000000000003,426.4476927530486,80,40,40,22.81413770914349,22.133760074322716,23.49451534396426,22.97390855621966,22.814137602696768,1.0644672343573802e-07,export_reload_legacy_dc,0.2888724061954893,0.8135850315797143,0.2746316551230848
gs,interior_0044,dyn,fisherrf,0,300,300.0,complete,301,106,143.56162283060547,1312.8836114588776,80,40,40,22.595233354359042,21.492811641440746,23.697655067277317,24.427812263495863,22.59523309192439,2.624346535640143e-07,export_reload_legacy_dc,0.26329561112187627,0.8112235233187676,0.28103267969563606
gs,interior_0044,dyn,gavis,0,270,270.0,complete,271,99,128.58976344915453,952.4278014199954,80,40,40,18.238867796666014,18.30843754882151,18.16929804451052,17.741612253919246,18.23886777635898,2.0307034276356717e-08,export_reload_legacy_dc,0.17285967770545296,0.7001034572720528,0.4614997417666018
gs,interior_0044,dyn,random,0,300,300.0,complete,301,506,52.92743747505983,0.02713214632240124,80,40,40,14.444449845612416,14.655227055795663,14.233672635429164,15.996940548216523,14.444449835387564,1.0224852076134994e-08,export_reload_legacy_dc,0.10742761290856379,0.5205116473793169,0.6645156414248049
gs,interior_0044,dyn,gleam,0,300,255.57029966254083,shortened,256,40,60.421850392525315,9.856639688987343,80,40,40,18.551115570314117,18.268613901369577,18.833617239258647,19.67390683635583,18.539329707503647,0.011785862810469894,export_reload_legacy_dc,0.17405236383873993,0.6791191088006598,0.44976878445595503
